,total,data,pde,border
0,0.03529694676399231,0.5908538103103638,0.023662425577640533,-1
1,0.26601800322532654,0.12104461342096329,0.02583537995815277,-1
2,0.23134896159172058,0.040300481021404266,0.02579391375184059,-1
3,0.24600429832935333,0.02656819112598896,0.022067153826355934,-1
4,0.2638557553291321,0.021341243758797646,0.019937664270401,-1
