{
    "u_mean": 0.79743492603302,
    "v_mean": 0.0002584871253930032,
    "p_mean": -0.05562123283743858,
    "x_mean": 0.09078969061374664,
    "y_mean": 7.040915073197596e-11,
    "t_mean": 263.349365234375,
    "x_std": 1.560380458831787,
    "y_std": 1.1340410709381104,
    "t_std": 1.925374150276184,
    "u_std": 0.40186643600463867,
    "v_std": 0.19956660270690918,
    "p_std": 0.2122553288936615,
    "ya0_mean": 0.05000000447034836,
    "ya0_std": 7.450589478708025e-09,
    "w0_mean": 0.9519968628883362,
    "w0_std": 2.384188633186568e-07
}