,total,data,pde,border
0,0.28017184138298035,0.5410459041595459,0.019297679886221886,1.4654030799865723
1,0.07759154587984085,0.13221676647663116,0.02296634390950203,0.7066802978515625
2,0.03392593935132027,0.04557527229189873,0.02227659337222576,0.5814089179039001
3,0.025217531248927116,0.030769750475883484,0.019665302708745003,0.4917694330215454
4,0.021508274599909782,0.024620279669761658,0.018396276980638504,0.4189607501029968
