,total,data,pde,border
0,0.28188812732696533,0.5139010548591614,0.04987538978457451,1.302320122718811
1,0.09463507682085037,0.13569553196430206,0.053574640303850174,0.6629272699356079
2,0.04965442046523094,0.045471206307411194,0.05383766442537308,0.5494962930679321
3,0.0410131961107254,0.03127555549144745,0.05075082927942276,0.47140467166900635
4,0.037066519260406494,0.025106947869062424,0.04902607575058937,0.40293586254119873
