,total,data,pde,border
0,0.2957965135574341,0.5408432483673096,0.05074970796704292,1.3939108848571777
1,0.09861814975738525,0.1436592936515808,0.0535769984126091,0.7453581094741821
2,0.052930284291505814,0.05165336653590202,0.05420719087123871,0.5867677330970764
3,0.04326620325446129,0.035129107534885406,0.051403313875198364,0.5140241980552673
4,0.03890516608953476,0.028045356273651123,0.049764975905418396,0.4551849365234375
