,total,data,pde,border
0,0.3279706537723541,0.6042056679725647,0.0517357662320137,0.9320662617683411
1,0.10909738391637802,0.1654207855463028,0.05277398228645325,0.5572513341903687
2,0.05665510892868042,0.057688698172569275,0.055621493607759476,0.43237224221229553
3,0.04306834936141968,0.0334586463868618,0.052678048610687256,0.3530721664428711
4,0.03782428056001663,0.02551022730767727,0.05013832449913025,0.3020700514316559
