,total,data,pde,border
0,0.3971945345401764,0.8833996057510376,0.024912802502512932,0.29530805349349976
1,0.14835497736930847,0.3207297921180725,0.04699767753481865,0.041519176214933395
2,0.09339852631092072,0.19218899309635162,0.036835577338933945,0.022699784487485886
3,0.0659305602312088,0.13210952281951904,0.030451331287622452,0.013091695494949818
4,0.04975707083940506,0.0951746255159378,0.02886888012290001,0.008708612993359566
