,total,data,pde,border
0,0.2743355333805084,0.5360128283500671,0.012658150866627693,1.3539502620697021
1,0.08718685060739517,0.1647202968597412,0.00965335313230753,0.7944096922874451
2,0.02863164059817791,0.047317180782556534,0.009946088306605816,0.608649730682373
3,0.016756024211645126,0.02668231911957264,0.006829726044088602,0.5148676633834839
4,0.012234317138791084,0.019138585776090622,0.0053300512954592705,0.43561065196990967
