{
    "u_mean": 0.8350997567176819,
    "v_mean": 0.0018958485452458262,
    "p_mean": -0.05205178260803223,
    "x_mean": 0.09107556194067001,
    "y_mean": -2.1189230925422464e-10,
    "t_mean": 263.349365234375,
    "x_std": 1.5627000331878662,
    "y_std": 1.1356511116027832,
    "t_std": 1.9253582954406738,
    "u_std": 0.3765107989311218,
    "v_std": 0.34161823987960815,
    "p_std": 0.2542591989040375,
    "ya0_mean": 0.34999993443489075,
    "ya0_std": 5.96047158296642e-08,
    "w0_mean": 0.9519968032836914,
    "w0_std": 2.980235649374663e-07
}