,total,data,pde,border
0,17.50185203552246,0.6246085166931152,0.05258036032319069,-1
1,95.92639923095703,0.1541132628917694,0.05644574388861656,-1
2,219.4928436279297,0.05432748422026634,0.05789685994386673,-1
3,25.296497344970703,0.03293327987194061,0.05463511124253273,-1
4,108.34405517578125,0.024782797321677208,0.05220923572778702,-1
