,total,data,pde,border
0,0.3407500982284546,0.6281163096427917,0.05338381230831146,0.9707970023155212
1,0.1111970841884613,0.17028123140335083,0.05211290344595909,0.4849141836166382
2,0.059320978820323944,0.06328820437192917,0.055353760719299316,0.38612431287765503
3,0.043738216161727905,0.034370481967926025,0.05310593545436859,0.3293651342391968
4,0.037915319204330444,0.025484299287199974,0.05034634470939636,0.286771297454834
