{
    "u_mean": 0.8069679141044617,
    "v_mean": 0.0005176661070436239,
    "p_mean": -0.052636951208114624,
    "x_mean": 0.09078966826200485,
    "y_mean": -3.4324459941004193e-10,
    "t_mean": 293.0494079589844,
    "x_std": 1.5603795051574707,
    "y_std": 1.134040355682373,
    "t_std": 19.269393920898438,
    "u_std": 0.395613431930542,
    "v_std": 0.22104264795780182,
    "p_std": 0.22076693177223206,
    "ya0_mean": 0.10000001639127731,
    "ya0_std": 0.05000002682209015,
    "w0_mean": 0.951996922492981,
    "w0_std": 1.7881403380215488e-07
}